R_hand : x,R_hand : y,R_hand : z,R_thumb : x,R_thumb : y,R_thumb : z,R_index : x,R_index : y,R_index : zx,R_middle : x,R_middle : y,R_middle : z,R_ring : x,R_ring : y,R_ring : z,R_pinky : x,R_pinky : y,R_pinky : z,R_hand_vec : x,R_hand_vec : y,R_hand_vec : z,R_fin_to_fin :x,R_fin_to_fin :y,R_fin_to_fin :z,R_dis_thumb,R_dis_index,R_dis_middle,R_dis_ring,R_dis_pinky,L_hand : x,L_hand : y,L_hand : z,L_thumb : x,L_thumb : y,L_thumb : z,L_index : x,L_index : y,L_index : zx,L_middle : x,L_middle : y,L_middle : z,L_ring : x,L_ring : y,L_ring : z,L_pinky : x,L_pinky : y,L_pinky : z,L_hand_vec : x,L_hand_vec : y,L_hand_vec : z,L_fin_to_fin :x,L_fin_to_fin :y,L_fin_to_fin :z,L_dis_thumb,L_dis_index,L_dis_middle,L_dis_ring,L_dis_pinky
66.89455,244.3524,27.36034,31.67062,221.9019,-33.54833,-2.788406,35.54787,-90.72247,34.10746,47.51189,-84.35294,54.21207,34.88658,-69.69228,66.43991,9.711975,-46.44449,0.08646382,-0.8090417,-0.5813566,36.89587,11.96402,6.36953,226.6472,97.47816,102.6456,94.93701,81.64359,-98.0109,229.997,-56.4286,-15.09689,227.5197,-41.28046,54.67034,43.2625,-55.78542,33.56326,45.87221,-81.60038,14.83428,30.91783,-86.17179,-6.659271,3.869751,-79.85357,0.5321466,-0.7306567,-0.4277391,-21.10709,2.609711,-25.81496,231.7265,89.28888,99.44533,92.74452,80.22414
67.12695,243.7982,27.51839,30.8492,221.8736,-34.00383,-2.245888,37.97342,-90.12838,35.20762,50.0578,-82.70064,55.53377,37.76303,-67.71733,68.19189,11.80899,-44.60339,0.09112253,-0.8036686,-0.5880591,37.45351,12.08438,7.427738,226.5741,97.82714,102.8822,95.37129,82.33498,-98.53672,229.1899,-56.3065,-14.20545,227.2831,-39.2976,53.20149,46.38934,-56.08178,30.53815,49.21619,-81.10506,11.38445,34.52765,-85.79873,-10.60101,7.168259,-80.1106,0.5201494,-0.720931,-0.4579335,-22.66335,2.826843,-25.02328,231.0924,90.15285,99.66365,93.18362,81.12628
67.74491,242.8464,27.68133,29.84414,221.2118,-34.35649,-1.388588,41.79919,-89.00932,36.59804,54.08878,-80.01553,57.25578,41.48547,-64.96313,70.17715,14.19205,-42.37392,0.09452291,-0.8011565,-0.5909431,37.98663,12.28958,8.99379,225.8444,98.3451,103.2836,96.01811,83.19733,-99.58657,228.2197,-56.48928,-13.43984,225.3451,-38.51196,50.99475,52.02632,-56.29218,26.68246,53.53389,-80.02216,5.528801,40.78883,-84.38464,-16.38226,12.56155,-79.55566,0.4901896,-0.7108206,-0.5044286,-24.3123,1.507568,-23.72997,229.007,92.06526,99.90684,93.88857,82.19048
68.62997,242.0842,27.74444,29.38814,219.9776,-34.00778,-0.847435,44.72719,-88.0246,37.21655,56.0204,-78.75188,58.34674,43.29497,-63.57119,71.37462,15.5179,-41.14664,0.08720257,-0.808514,-0.5819801,38.06398,11.29321,9.27272,224.5225,98.73991,103.5626,96.54063,83.83429,-100.2498,227.6477,-56.87214,-13.04602,223.1495,-39.26243,49.06948,56.07703,-56.16811,23.59892,57.26913,-78.64607,1.787735,44.646,-83.06711,-20.2367,16.60291,-78.51292,0.4621797,-0.7065535,-0.5358844,-25.47056,1.192108,-22.47796,226.9525,93.31293,100.1093,94.32182,82.76147
68.62997,242.0842,27.74444,29.38814,219.9776,-34.00778,-0.847435,44.72719,-88.0246,37.21655,56.0204,-78.75188,58.34674,43.29497,-63.57119,71.37462,15.5179,-41.14664,0.08720257,-0.808514,-0.5819801,38.06398,11.29321,9.27272,224.5225,98.73991,103.5626,96.54063,83.83429,-100.2498,227.6477,-56.87214,-13.04602,223.1495,-39.26243,49.06948,56.07703,-56.16811,23.59892,57.26913,-78.64607,1.787735,44.646,-83.06711,-20.2367,16.60291,-78.51292,0.4621797,-0.7065535,-0.5358844,-25.47056,1.192108,-22.47796,226.9525,93.31293,100.1093,94.32182,82.76147
69.99457,240.6594,27.82939,29.24405,216.9617,-32.73958,-0.6932602,46.03847,-87.79104,37.84917,54.88533,-79.5146,59.12541,42.06004,-64.23686,72.22688,15.1873,-40.90722,0.06810569,-0.8300464,-0.5535203,38.54243,8.846863,8.276443,221.3582,99.13268,103.7667,96.90839,84.3847,-100.6687,226.825,-57.8918,-13.02223,218.8589,-41.20758,48.62425,57.97998,-55.79729,22.8772,58.97739,-77.77148,0.6392593,46.64453,-82.2469,-22.70721,19.95619,-77.51874,0.4225678,-0.716464,-0.5550817,-25.74704,0.997406,-21.9742,223.0848,94.01772,100.2502,94.55514,83.2047
70.34109,240.0439,27.8613,29.04915,215.6507,-32.11004,-0.7097473,46.0444,-87.90913,38.00935,54.11157,-80.04372,59.34321,41.36758,-64.66936,72.40434,14.82008,-41.04512,0.05908136,-0.839338,-0.5403898,38.71909,8.067169,7.865421,219.9549,99.24014,103.8257,97.03102,84.5383,-100.7007,226.4503,-58.80544,-13.04724,216.7318,-42.01069,49.06998,57.75955,-55.87997,23.10754,59.25885,-77.57144,0.8140564,46.81488,-82.25061,-22.92718,20.58141,-77.39783,0.4048698,-0.7265976,-0.5551003,-25.96244,1.499298,-21.69147,221.1511,94.16262,100.314,94.64385,83.3047
71.36084,238.4674,27.89323,28.83185,211.7833,-30.36991,-1.136429,45.58995,-88.42104,38.07458,52.40364,-81.33693,59.72296,41.16548,-65.05602,72.99989,15.22075,-40.93895,0.04121573,-0.8633465,-0.5029256,39.21101,6.81369,7.084106,215.8837,99.48877,103.9784,97.43569,85.06852,-100.5909,225.1264,-60.50116,-13.40673,211.293,-41.85532,50.76073,55.93867,-56.80714,24.55507,57.73305,-78.53029,2.013145,44.84554,-83.68036,-22.46918,19.63173,-78.11488,0.3651249,-0.7712304,-0.5214283,-26.20566,1.794373,-21.72314,215.8156,94.51369,100.514,94.96092,83.6194
71.71414,238.0052,27.77432,29.01527,210.4373,-29.98732,-1.345222,44.98883,-88.78148,38.06664,52.32687,-81.43805,59.75209,41.49216,-65.00625,73.07544,15.52563,-40.93435,0.03897334,-0.8702416,-0.4910811,39.41186,7.338043,7.34343,214.5344,99.53871,104.016,97.55882,85.18619,-100.3942,224.5652,-60.8651,-13.47505,209.7647,-41.36177,51.29551,55.15425,-57.19216,25.35385,56.51466,-79.21515,2.61702,43.77879,-84.32732,-22.1672,18.98639,-78.47522,0.3556001,-0.7864769,-0.5049779,-25.94165,1.360413,-22.02299,214.2279,94.57359,100.5573,95.05013,83.7271
72.35323,237.0348,27.53618,29.98993,207.3725,-29.23919,-1.848083,44.06015,-89.33376,37.96685,52.35986,-81.54941,59.58647,41.90814,-65.17439,73.15788,16.22267,-40.94496,0.03646869,-0.882843,-0.4682502,39.81493,8.299713,7.784355,211.5602,99.62546,104.0833,97.74733,85.39169,-100.5284,224.1937,-61.78893,-14.4672,207.6416,-39.88475,52.84313,53.04204,-57.87386,27.48898,53.78676,-80.50085,4.499283,41.23622,-85.72473,-20.90845,17.08881,-79.49475,0.3399086,-0.8190427,-0.4622026,-25.35415,0.7447205,-22.62699,211.9319,94.63212,100.6432,95.23339,83.95598
73.01265,236.2339,27.11942,32.00682,204.3937,-28.64423,-2.286819,43.17285,-89.81802,37.68963,52.07733,-81.92119,59.41109,42.60098,-65.11195,73.15585,16.71921,-41.05921,0.03414026,-0.8931764,-0.4484087,39.97645,8.90448,7.896828,208.8581,99.6815,104.1328,97.89835,85.54045,-99.73428,222.8444,-63.59061,-14.62684,204.7801,-39.28461,54.58154,50.06796,-58.94529,29.7681,50.17404,-82.10094,6.474518,37.84622,-87.31646,-19.73186,14.65898,-80.50831,0.3220907,-0.8516892,-0.4133799,-24.81343,0.1060791,-23.15565,209.0266,94.65987,100.7181,95.38564,84.17731
73.6572,235.655,26.87155,34.19799,202.2349,-28.04803,-2.607643,43.16054,-89.83253,37.37135,52.14357,-82.05836,59.0541,42.80989,-65.40385,73.08074,17.3288,-41.15399,0.02828023,-0.8994936,-0.4360178,39.979,8.983032,7.774166,207.0148,99.69711,104.1592,97.96804,85.64306,-99.70119,221.9151,-63.89175,-15.39989,202.6927,-38.366,55.55686,48.45222,-59.36366,30.76353,48.72166,-82.6804,7.455818,36.48915,-87.99034,-18.7817,13.2196,-81.11208,0.3100403,-0.870996,-0.381105,-24.79333,0.2694397,-23.31675,206.8658,94.64791,100.7782,95.54762,84.30112
73.92394,235.3393,26.81562,34.96559,201.3626,-27.79645,-2.666779,43.16255,-89.82238,37.26216,52.3709,-81.97199,58.86611,42.96065,-65.497,73.05239,17.71004,-41.11654,0.02620638,-0.9018827,-0.4311854,39.92894,9.208344,7.850388,206.2574,99.69041,104.1662,97.98313,85.67886,-99.63626,221.1948,-64.06336,-15.79795,201.3296,-38.17516,55.92567,47.86931,-59.45355,31.14661,48.31447,-82.80926,8.020424,35.71922,-88.33198,-18.29703,12.59317,-81.376,0.3041717,-0.8796482,-0.3656482,-24.77906,0.4451599,-23.35571,205.525,94.62492,100.8056,95.61761,84.35297
74.7156,234.5973,26.57609,37.27859,199.2219,-27.18276,-2.737572,43.10068,-89.81386,37.03225,52.72705,-81.8634,58.37168,43.1893,-65.78729,72.84074,18.28703,-41.24585,0.0179623,-0.9077368,-0.4191555,39.76982,9.626373,7.950459,204.4944,99.65788,104.1784,97.98233,85.68202,-99.28456,219.711,-64.69753,-16.78087,198.2562,-40.48354,55.73571,47.72403,-59.60014,31.24102,47.99725,-83.0505,8.410782,34.92155,-88.79635,-18.06269,11.93608,-81.7235,0.296356,-0.8940522,-0.3359223,-24.49469,0.2732239,-23.45036,203.042,94.53162,100.8817,95.78647,84.54266
75.00799,234.4349,26.51727,38.00065,198.94,-27.04323,-2.70787,43.51901,-89.59041,36.99494,52.64734,-81.93266,58.23954,43.09879,-65.94608,72.7288,18.51353,-41.28005,0.01152171,-0.9078054,-0.4192333,39.70281,9.128326,7.657753,204.3343,99.63773,104.1793,97.97058,85.65204,-99.16314,219.3988,-64.90503,-17.07346,197.6709,-41.42832,55.51451,47.92587,-59.59521,31.13309,48.02155,-83.09642,8.23101,35.11786,-88.80473,-18.14573,12.01224,-81.76479,0.2973662,-0.8965222,-0.3283616,-24.38142,0.09567261,-23.50121,202.686,94.50047,100.8977,95.85037,84.61112
75.57203,234.1706,26.17604,38.97364,197.8699,-26.69456,-2.610069,42.67926,-89.94865,36.94758,51.72934,-82.52486,57.92973,42.42819,-66.59247,72.47088,18.40005,-41.58582,0.003855086,-0.9135333,-0.4067457,39.55765,9.050079,7.423805,203.4307,99.59464,104.1701,97.93141,85.55683,-99.12541,218.8463,-65.10146,-17.6434,196.5032,-42.17902,55.06206,48.37433,-59.47581,30.79554,48.61386,-82.89964,8.046776,35.5849,-88.75512,-18.33483,12.42043,-81.80538,0.2943399,-0.902306,-0.3149729,-24.26652,0.2395325,-23.42383,201.752,94.38897,100.9159,95.96097,84.74995
75.95683,234.2424,25.99998,39.5291,197.8176,-26.44753,-2.63942,42.63695,-89.93428,36.90312,51.26308,-82.83018,57.75401,41.77589,-67.11176,72.20596,17.9539,-42.06216,-0.007762116,-0.9146893,-0.4040832,39.54254,8.626129,7.104107,203.4547,99.5643,104.1661,97.90168,85.47086,-99.08069,218.5862,-65.28407,-17.85284,196.0117,-42.4132,54.81311,48.61267,-59.4045,30.72943,48.73703,-82.86374,8.034393,35.63307,-88.79213,-18.35134,12.57098,-81.83052,0.2928468,-0.9052679,-0.3077837,-24.08368,0.1243591,-23.45924,201.341,94.32159,100.9257,96.01203,84.79997
77.08002,235.1662,26.60538,40.77429,194.7729,-22.19414,-3.416946,35.66414,-92.76456,35.76948,45.1201,-86.76536,56.41006,36.78493,-70.90054,71.01081,15.2453,-44.45911,-0.02191662,-0.9432674,-0.33131,39.18642,9.455963,5.99921,200.2289,99.4428,104.1322,97.78606,85.15614,-98.84164,217.9467,-66.19154,-19.39848,193.2672,-44.67821,55.08625,47.59784,-59.65311,32.09079,46.7374,-83.50186,9.607986,33.44217,-89.53458,-17.32323,11.58223,-82.2243,0.2802856,-0.9196655,-0.2750551,-22.99546,-0.8604431,-23.84875,199.3104,94.11983,100.9295,96.05796,84.82381
77.1301,235.1147,26.67493,43.56424,194.4132,-20.76529,-3.039291,33.39021,-93.38629,35.2518,42.48824,-88.25923,55.12941,33.84792,-72.91948,69.40314,14.43422,-45.95934,-0.02779544,-0.9533079,-0.3007182,38.29109,9.098022,5.12706,200.3136,99.22269,104.1039,97.47914,84.48315,-98.5564,217.828,-66.5939,-22.51631,190.2605,-49.33432,56.14573,45.00684,-60.47776,34.04161,43.1593,-84.61485,11.94566,30.20161,-90.3109,-15.06438,9.512512,-82.58087,0.2712986,-0.9330339,-0.2363151,-22.10412,-1.847534,-24.13709,197.8381,93.99744,100.9021,95.9734,84.4809
76.81155,233.1297,25.69572,45.44182,186.4818,-16.21526,-9.463478,-25.83755,-70.95276,32.45638,32.83195,-93.27409,52.36971,26.30272,-77.63011,67.37679,11.45181,-48.92297,0.002548283,-0.9824138,-0.1866994,41.91985,58.66951,-22.32133,192.6223,76.10145,104.0741,97.26691,84.04899,-98.34449,217.7997,-66.61622,-25.07568,188.5427,-52.55606,56.85864,43.17981,-61.01573,35.83093,39.59784,-85.43331,13.50933,27.94818,-90.7104,-12.33127,8.119354,-82.36488,0.265234,-0.9408001,-0.2110596,-21.02771,-3.58197,-24.41758,197.3304,93.91656,100.7507,95.87481,83.6777
74.55981,242.3657,38.48388,52.13568,206.4455,-14.43594,-9.016647,-28.87466,-65.29091,8.033997,-32.52513,-69.27257,25.66784,-33.54851,-60.72917,40.58369,-29.2876,-41.05379,0.03503895,-0.8987088,-0.437144,17.05064,-3.650467,-3.981661,213.4157,71.95797,76.9488,73.97549,64.73185,-94.30997,216.831,-69.77546,-31.54156,188.5317,-62.48603,54.69613,-35.88838,-29.97297,43.40367,-46.83447,-32.57431,24.62087,-46.96852,-39.78953,-4.662041,-6.388153,-81.26243,0.2210622,-0.975257,-0.002315331,-11.29246,-10.94609,-2.601341,201.1059,71.95847,71.68285,66.29808,81.64635
74.16673,242.9705,42.51313,51.79701,208.3102,-10.61635,-10.6758,-27.92912,-64.99692,4.832314,-32.50867,-67.14618,21.77617,-35.0903,-58.68119,37.73509,-30.31927,-42.06141,0.01769574,-0.8886979,-0.4581517,15.50811,-4.579544,-2.149256,214.9157,71.54445,74.7581,71.75662,64.12767,-95.25328,216.8876,-68.66647,-33.65412,189.7385,-64.95747,53.57537,-39.11855,-27.9378,42.99225,-49.74457,-29.47717,24.18786,-50.12164,-34.78577,-4.568527,-4.241577,-81.09412,0.2294286,-0.9730074,-0.02488357,-10.58312,-10.62602,-1.539375,203.3538,71.97987,72.05386,65.62988,81.33338
74.15341,243.3255,44.2711,53.40815,209.3113,-8.848508,-11.51399,-27.36423,-64.8159,2.508743,-33.35555,-64.70174,19.19524,-35.40421,-55.93853,33.25881,-31.26065,-40.13913,0.004702717,-0.8827116,-0.4698915,14.02273,-5.991318,0.1141529,216.1989,71.29147,72.83681,68.92775,60.78262,-95.11376,224.5341,-70.39925,-37.81274,196.0361,-71.97972,31.16325,-30.68352,-4.069405,21.64335,-38.99623,-3.582146,6.797882,-38.77977,-7.934036,-4.733612,-30.46133,-21.12405,0.3227789,-0.9311532,-0.16961,-9.519901,-8.312714,0.4872589,212.2287,43.9225,44.7434,40.16255,37.37012
74.79847,245.3725,44.98706,55.08669,214.3577,-8.715618,-13.65728,-23.64731,-65.89304,-0.6759262,-31.38686,-64.87998,15.14111,-34.77142,-55.09444,29.10571,-31.5468,-40.06828,-0.04303235,-0.8602986,-0.5079709,12.98135,-7.739548,1.013048,221.4943,71.32748,72.07637,66.88574,58.71806,-97.22971,227.9973,-70.36556,-43.34369,197.6353,-78.89515,23.74786,-29.42468,2.393776,19.51688,-38.71457,-1.226898,4.953728,-38.16458,-4.508522,-8.90554,-32.77325,-9.258041,0.3900142,-0.8767934,-0.2812868,-4.23098,-9.289886,-3.620674,217.1701,37.88803,43.37317,38.74792,35.20094
74.82291,246.7702,45.25375,56.0146,217.2002,-8.086758,-15.90031,-22.24286,-65.63848,-3.318703,-30.59264,-64.9481,11.81353,-35.17188,-54.15865,26.27258,-31.95679,-40.0595,-0.08055811,-0.8507594,-0.5193446,12.58161,-8.349777,0.6903706,224.4526,71.10538,71.86919,65.64891,57.58688,-100.3484,229.0691,-66.30756,-48.92282,201.1077,-82.28107,25.98362,-28.3503,-0.9504776,21.27148,-37.01691,-4.086227,8.708893,-37.72795,-8.973045,-5.527275,-33.15376,-12.94571,0.4441633,-0.8132406,-0.3759771,-4.712143,-8.666611,-3.13575,222.7283,38.46806,42.88851,39.74618,36.01825
74.75682,247.1455,45.38401,56.05044,218.2078,-7.961895,-16.59988,-21.82227,-65.382,-4.11541,-30.20703,-65.02666,10.5387,-35.45024,-53.51094,25.36374,-32.06784,-40.04911,-0.09263043,-0.8466216,-0.5240719,12.48447,-8.384766,0.355341,225.4322,70.89832,71.8183,65.04771,57.23283,-100.4188,230.4196,-66.23207,-50.43405,202.563,-84.16917,26.72714,-28.13779,-1.758247,21.6712,-36.66487,-4.498352,9.141197,-37.6757,-9.19445,-4.827393,-33.16878,-13.58524,0.4543485,-0.8012512,-0.389312,-5.055946,-8.527084,-2.740105,225.0773,38.84799,42.82743,39.84417,36.1667
74.17857,247.7764,45.42655,55.6416,220.2994,-8.011738,-17.90868,-21.40146,-64.3841,-5.543564,-29.45596,-65.16131,8.189056,-35.93555,-52.21239,23.21135,-32.66855,-39.2914,-0.1173639,-0.8381179,-0.5327139,12.36511,-8.054504,-0.7772083,227.3588,70.17162,71.72434,63.91054,56.12321,-99.9332,232.8163,-65.60941,-54.96587,206.4069,-87.60214,27.78387,-27.74884,-2.474815,23.01202,-35.96523,-5.64167,8.622238,-37.64038,-7.767105,-4.053909,-33.17085,-13.83643,0.4800551,-0.7773049,-0.4066254,-4.771851,-8.216385,-3.166855,230.8662,39.34547,43.0683,39.38869,36.16886
73.94852,247.6841,45.36015,55.36774,220.4005,-7.734314,-18.5691,-21.66451,-63.99087,-6.302719,-29.79605,-64.91357,7.142204,-36.63409,-51.54485,22.31331,-33.27628,-38.84407,-0.1298125,-0.8398757,-0.527027,12.26638,-8.131546,-0.9226952,227.3802,70.06421,71.70286,63.63914,55.80373,-100.1313,233.1432,-64.85844,-57.04495,206.9401,-87.59167,28.38645,-27.37894,-2.248672,23.76348,-35.55025,-5.465134,8.901123,-37.5022,-7.119896,-3.387917,-33.2769,-13.73914,0.4986301,-0.7679082,-0.4021007,-4.622971,-8.17131,-3.216461,231.8418,39.50257,43.10906,39.19614,36.16067
73.15761,247.3087,44.80802,55.19948,219.8502,-7.175864,-19.94906,-22.40704,-63.19897,-7.920578,-30.84129,-64.20584,4.915123,-38.34886,-49.94215,20.57861,-34.67862,-37.98812,-0.1558751,-0.8460482,-0.5098093,12.02848,-8.43425,-1.006868,226.7876,69.95821,71.66806,63.15863,55.40021,-100.2702,233.2701,-63.5562,-60.40063,207.1179,-87.46745,29.39981,-26.7043,-1.367428,25.02348,-34.93942,-4.527119,9.490257,-37.32573,-5.738201,-2.209412,-33.52144,-13.22402,0.5322245,-0.755343,-0.3823534,-4.376335,-8.235123,-3.159691,232.8017,39.74089,43.2138,38.93844,36.10323
72.17113,246.6118,43.97661,54.30272,218.6113,-7.101851,-20.63618,-23.86673,-62.36697,-11.12477,-35.54697,-58.98453,3.550377,-40.28079,-48.09649,19.50381,-36.17064,-36.731,-0.1703167,-0.8574696,-0.4855287,9.511406,-11.68024,3.382441,225.3666,69.89358,69.76047,62.83645,55.11696,-100.1794,233.3808,-62.75766,-61.13886,207.7148,-86.52603,30.02072,-26.37466,-0.4973488,25.62847,-34.66158,-3.385715,9.821274,-37.22397,-4.637089,-1.569496,-33.72858,-12.55963,0.5540653,-0.7493853,-0.3625374,-4.39225,-8.286911,-2.888367,233.174,39.96391,43.2401,38.77607,36.02533
71.69012,246.1885,43.55439,54.16069,218.5122,-7.228554,-21.13302,-26.14874,-60.15217,-12.48975,-38.00534,-56.07871,2.930763,-41.52603,-46.71077,18.92336,-37.00772,-35.68406,-0.1723389,-0.8640355,-0.4730136,8.643269,-11.8566,4.07346,225.2403,68.91041,68.88557,62.56913,54.78154,-101.1068,232.6289,-60.41856,-62.66484,208.6762,-83.99465,31.59983,-24.80676,0.5860176,26.05631,-33.45055,-0.7300606,12.11044,-36.64415,-4.080982,0.6102982,-33.85902,-12.1601,0.6077381,-0.7170393,-0.3413342,-5.543518,-8.643784,-1.316078,233.5118,40.17796,42.40759,38.80864,35.98158
71.20695,245.7537,43.00129,54.13379,218.0628,-7.545992,-21.41558,-28.3734,-58.0509,-13.00677,-39.63313,-54.2247,2.500999,-42.70441,-45.24414,18.49812,-37.68086,-34.6179,-0.1688177,-0.8701565,-0.4629561,8.408802,-11.25974,3.82619,224.8084,68.07043,68.41257,62.26519,54.40981,-101.2779,231.7531,-58.80198,-63.49435,208.6579,-82.68172,32.72654,-23.40187,1.118931,26.85592,-32.41675,0.4565353,14.22109,-36.15733,-4.052811,2.436501,-33.84732,-12.13382,0.6443838,-0.6899498,-0.3297558,-5.870621,-9.014877,-0.6623955,233.2508,40.2483,42.09863,39.06427,36.03897
70.9846,245.5691,42.7748,54.1279,217.8745,-7.719225,-21.48324,-29.21841,-57.22929,-13.13455,-40.21646,-53.5361,2.367287,-43.14075,-44.65173,18.30457,-37.93849,-34.16066,-0.1662717,-0.8722399,-0.459947,8.34869,-10.99805,3.693187,224.6302,67.75276,68.23485,62.13296,54.2341,-101.1451,231.5018,-58.30256,-63.75923,208.4902,-82.42759,32.96343,-23.10243,1.190556,26.97858,-32.20747,0.6861153,14.72047,-36.04118,-4.147022,2.815994,-33.81612,-12.17513,0.65205,-0.6833211,-0.3284863,-5.984848,-9.105042,-0.5044403,233.0831,40.27068,42.01947,39.15171,36.05126
70.60945,245.4452,42.27158,54.14964,217.7296,-8.234314,-21.83429,-30.47264,-55.60158,-13.09795,-40.32805,-53.3577,2.053375,-43.48355,-44.02483,17.7916,-38.06062,-33.65968,-0.160541,-0.8711454,-0.4640392,8.73634,-9.855408,2.243882,224.5132,67.05859,68.15388,61.91301,53.83424,-100.711,229.5465,-56.29605,-63.73942,206.8603,-80.85774,33.39982,-22.64703,1.16465,27.20965,-31.8988,0.8634567,15.49909,-35.81682,-4.478397,3.471489,-33.69588,-12.45688,0.6643627,-0.6707546,-0.3297128,-6.19017,-9.25177,-0.3011932,231.0668,40.37069,41.93619,39.2826,36.09207
70.51838,245.4531,42.01986,54.21523,217.663,-8.453396,-21.86776,-30.54881,-55.48174,-13.13133,-40.34389,-53.26366,1.943657,-43.54195,-43.85604,17.57912,-38.10078,-33.49004,-0.1585131,-0.8704022,-0.4661262,8.736427,-9.795074,2.218081,224.4725,67.00487,68.0961,61.83067,53.68685,-100.9209,229.5218,-55.83733,-63.87701,206.9447,-80.33649,33.52147,-22.55257,1.370094,27.99664,-31.64496,0.5427589,15.70323,-35.7467,-4.368225,3.734978,-33.69279,-12.42863,0.6694323,-0.6674955,-0.3260521,-5.524826,-9.092392,-0.8273354,230.9986,40.42505,42.25529,39.2874,36.10575
70.3761,245.4853,41.6467,54.48586,216.8496,-8.520943,-21.88857,-30.59059,-55.38517,-13.29788,-40.50258,-52.85721,1.756119,-43.64723,-43.53967,17.12185,-38.25296,-33.07343,-0.1555705,-0.8691593,-0.4694252,8.590694,-9.911987,2.527963,223.7523,66.95081,67.90565,61.6755,53.38819,-101.0033,229.5471,-55.4487,-64.13705,206.8817,-79.89525,33.88509,-22.18752,1.904106,29.3527,-31.11397,0.4475212,16.23925,-35.57657,-3.84885,4.337822,-33.7709,-12.04118,0.681765,-0.6610751,-0.3133309,-4.532394,-8.926453,-1.456585,230.8611,40.54764,42.77687,39.29655,36.11483
70.25276,245.581,41.3826,54.97474,216.3338,-8.515115,-21.86814,-30.82135,-54.98548,-13.43706,-40.66708,-52.15261,1.295586,-43.96092,-42.51382,16.87042,-38.29909,-32.75996,-0.1516131,-0.8673013,-0.4741327,8.43108,-9.845734,2.832865,223.3719,66.72012,67.48527,61.16916,53.1474,-101.0442,229.6798,-55.07145,-64.45211,206.7888,-79.50185,34.16513,-21.80447,2.346737,30.05866,-30.74881,0.7258415,16.67533,-35.43037,-3.389713,4.845131,-33.83691,-11.68866,0.6918318,-0.6557674,-0.3022217,-4.106468,-8.944336,-1.620895,230.7298,40.59801,43.00627,39.30481,36.12529
70.05484,245.6548,41.09959,55.23441,216.199,-8.793547,-21.9134,-31.32379,-53.9313,-13.81393,-41.07178,-50.58424,0.8626556,-44.20775,-41.34134,16.37675,-38.46506,-32.03327,-0.1477747,-0.8652356,-0.479093,8.099476,-9.747986,3.347054,223.3163,66.10569,66.60692,60.53243,52.66772,-101.0574,229.7909,-54.87201,-64.65828,206.6343,-79.21043,34.35439,-21.58987,2.620663,30.54652,-30.51756,0.8832626,16.90736,-35.36836,-3.011562,5.121918,-33.9178,-11.36843,0.6972488,-0.6535996,-0.2943667,-3.807869,-8.927689,-1.7374,230.5487,40.65974,43.18787,39.31729,36.13713
69.93597,245.7012,41.0107,55.44248,216.0254,-8.800444,-21.88409,-31.38057,-53.69183,-13.82219,-41.0685,-50.37534,0.5369644,-44.34122,-40.52898,16.00309,-38.56728,-31.50491,-0.1460226,-0.8639427,-0.4819548,8.061893,-9.687927,3.316488,223.2001,65.92773,66.4481,60.07521,52.30767,-101.0589,229.8474,-54.78002,-64.76291,206.6017,-79.15061,34.43953,-21.49289,2.680405,30.74833,-30.41385,0.8963699,17.00914,-35.33499,-2.902897,5.236122,-33.93985,-11.26515,0.6993685,-0.6522136,-0.2924057,-3.6912,-8.920959,-1.784035,230.5283,40.68427,43.25813,39.32301,36.14186
69.6872,246.1034,40.86196,55.83926,215.9473,-9.315458,-21.73661,-31.32962,-52.4703,-14.25344,-40.98354,-48.55619,0.091362,-44.1042,-39.59823,15.51945,-38.40221,-31.03941,-0.141695,-0.8543112,-0.500075,7.483177,-9.653915,3.914106,223.2443,64.86261,65.11923,59.27233,51.75933,-101.0742,230.031,-54.5488,-64.81533,206.6906,-78.85579,34.6828,-21.26247,2.845123,31.21555,-30.15797,0.9957275,17.19368,-35.29727,-2.479038,5.514206,-34.03072,-10.92352,0.7047207,-0.649061,-0.286511,-3.467255,-8.895508,-1.849396,230.5217,40.78093,43.41549,39.34038,36.16378
69.56051,246.1741,40.69193,55.879,215.7913,-9.460753,-21.79348,-31.5416,-51.64535,-14.2291,-40.86147,-48.49495,-0.02536011,-44.04541,-39.32051,15.40223,-38.34242,-30.91845,-0.1400967,-0.8520146,-0.5044245,7.564384,-9.31987,3.150397,223.1095,64.32006,64.99143,59.04322,51.60737,-101.1134,230.1292,-54.49199,-64.81883,206.7618,-78.71604,34.77295,-21.20735,2.909859,31.33281,-30.09213,1.070381,17.2243,-35.30002,-2.29578,5.585426,-34.07402,-10.77377,0.7062386,-0.6485487,-0.283922,-3.44014,-8.884781,-1.839478,230.5388,40.83353,43.45604,39.34512,36.17057
69.34438,246.3062,40.39345,55.87954,215.6667,-9.806585,-21.82044,-31.76964,-50.57404,-14.15377,-40.67097,-48.44111,-0.1470718,-43.94757,-38.97911,15.03359,-38.31564,-30.42044,-0.1370505,-0.8485197,-0.511108,7.666672,-8.901337,2.132933,223.0041,63.58597,64.81511,58.74336,51.18106,-101.1379,230.5143,-54.27983,-64.84608,207.1203,-78.48355,34.92656,-21.13528,2.898914,31.52583,-29.97527,1.051979,17.25056,-35.31046,-2.091518,5.689423,-34.11188,-10.64271,0.7081868,-0.6470321,-0.282526,-3.400726,-8.839981,-1.846935,230.7888,40.92638,43.51438,39.3546,36.18365
68.8458,246.4418,38.83677,55.61055,214.6809,-10.87127,-21.59607,-32.90704,-48.92402,-13.94727,-41.47502,-47.15519,0.310936,-44.25838,-38.44095,15.14659,-38.3905,-29.64759,-0.1239646,-0.8529672,-0.5070303,7.648808,-8.567978,1.76883,222.0329,62.79191,64.32974,58.62258,50.81564,-101.1185,230.9567,-54.27505,-64.51063,207.6487,-78.24163,35.51913,-20.61113,2.942814,32.19264,-29.45732,1.199936,17.70734,-35.11775,-1.611633,6.194672,-34.16685,-10.21687,0.7178392,-0.6394613,-0.275311,-3.326492,-8.846191,-1.742878,231.0873,41.17144,43.65249,39.36246,36.19575
68.2738,246.7491,36.73623,53.7883,214.5795,-13.10968,-21.38633,-33.63562,-47.66413,-13.83108,-41.95395,-45.84527,0.91642,-44.08646,-38.53691,15.56446,-37.98346,-29.69809,-0.1091222,-0.8528214,-0.5106741,7.555252,-8.318329,1.818861,221.6064,62.13372,63.66491,58.56235,50.66529,-100.398,231.4617,-55.38146,-62.75279,208.5837,-78.85587,36.37601,-19.61815,3.00647,33.23039,-28.49068,1.317364,19.49217,-34.51015,-1.977013,7.157677,-34.16826,-9.79026,0.7350979,-0.6230768,-0.2672198,-3.145615,-8.872528,-1.689106,231.6534,41.4382,43.7917,39.6838,36.25674
68.11703,246.7014,34.97976,51.37383,214.4374,-15.1817,-21.09513,-34.19656,-47.1178,-13.45852,-42.29973,-45.44446,1.389992,-44.1691,-38.40381,15.98371,-37.84099,-29.63186,-0.09898111,-0.8553095,-0.5085747,7.636604,-8.103165,1.673336,221.0275,61.92331,63.52636,58.54651,50.65043,-99.54919,231.4873,-55.91031,-60.7911,208.9494,-78.80714,36.41214,-19.56039,3.280533,33.33405,-28.35971,1.568802,20.62852,-34.24525,-2.705284,7.745872,-34.13672,-10.08239,0.7391069,-0.6207088,-0.2616135,-3.078083,-8.799316,-1.711731,231.4433,41.46341,43.79376,40.06984,36.42758
69.98251,244.7393,24.49807,50.02417,211.9692,-26.31099,-18.97982,-36.45294,-44.86317,-11.01294,-43.60744,-44.85262,3.820679,-44.83871,-37.58927,17.50684,-38.19568,-27.77595,-0.06246521,-0.868697,-0.4913895,7.966885,-7.154495,0.01056099,219.3755,60.84205,63.5189,58.63498,50.36767,-94.27428,232.1298,-62.16653,-52.79617,207.7344,-81.7878,35.05881,-21.92616,3.82048,31.70897,-30.39505,2.449104,18.91896,-35.73337,-1.357742,5.92897,-35.29875,-8.59063,0.6846111,-0.6910821,-0.2317611,-3.349842,-8.468887,-1.371376,229.4128,41.52678,43.99223,40.45546,36.80969
75.0438,246.7569,5.815703,72.52172,244.9912,-58.85545,-0.4172363,-10.05104,-59.3494,12.94222,-9.180328,-64.1742,24.18645,-17.0795,-52.59947,30.06098,-20.40762,-35.14226,0.1898059,-0.5177242,-0.8342274,13.35946,0.8707123,-4.824802,262.1908,60.19592,66.10679,60.36057,50.54812,-78.9339,234.1421,-78.99475,-39.97622,221.9415,-113.2752,37.14298,-15.21895,-10.76277,36.1684,-22.19011,-15.72631,24.48551,-29.78006,-17.15696,8.446289,-32.52855,-15.89751,0.6599442,-0.5295702,-0.5329438,-0.9745865,-6.971161,-4.963539,252.3637,41.55785,45.25341,42.19897,37.17764
73.21132,241.5099,16.37272,51.89325,229.5236,-46.43264,9.897316,28.32504,-71.84484,24.13759,22.15027,-74.6986,47.03507,32.27875,-53.66582,63.07951,-0.5031281,-29.72392,0.03742535,-0.6545162,-0.7551211,14.24027,-6.174774,-2.85376,239.8541,77.8585,81.56677,78.32136,69.7337,-84.18053,225.7443,-71.69542,-26.06203,219.1533,-78.82143,36.19824,37.23862,-41.96849,17.65298,44.40079,-61.88484,13.28187,14.21138,-63.64182,-6.112152,-6.612793,-54.05067,0.6169155,-0.6534492,-0.4386563,-18.54525,7.16217,-19.91635,234.3506,66.77111,78.18434,66.54812,54.79565
70.68977,237.5498,26.41415,35.48458,219.8197,-32.92614,7.648567,39.30351,-83.06288,25.7118,35.65898,-84.54616,49.42974,48.16917,-63.55515,77.88347,9.8638,-35.95523,0.003445862,-0.725479,-0.6882356,18.06323,-3.644531,-1.48328,225.0866,92.21014,95.29277,93.82337,86.3476,-90.35452,222.064,-65.62209,-24.86652,211.0791,-60.47157,47.3492,50.19429,-52.89407,26.43442,58.39919,-76.40541,16.98474,31.60173,-81.16048,-5.527565,3.255829,-73.65796,0.5462668,-0.7480343,-0.3768783,-20.91478,8.204895,-23.51134,220.974,86.94364,99.7348,88.73654,73.93679
71.41853,235.2316,30.36666,30.64015,217.1788,-28.29525,5.859871,42.27972,-83.78211,32.76588,55.00949,-77.24227,50.74234,51.21646,-62.77583,78.64942,14.96376,-36.7258,0.01732299,-0.7338181,-0.6791251,26.90601,12.72977,6.539841,221.1472,94.02848,100.3295,95.59663,88.08195,-92.3801,221.7399,-63.49384,-24.12811,210.373,-56.71931,47.09086,54.19418,-54.07992,29.63758,54.44308,-78.00307,12.81973,40.74384,-82.05914,-11.37826,9.850327,-78.28973,0.5247636,-0.758063,-0.3872514,-17.45329,0.2489014,-23.92314,219.2169,89.88435,99.6339,92.51005,79.72312
71.82454,234.2992,31.57516,29.20344,215.9605,-26.9421,5.169762,44.34801,-83.34855,34.6722,59.84779,-74.2052,55.15665,51.31953,-60.68959,78.2401,17.3723,-36.70037,0.02793787,-0.7379023,-0.6743291,29.50243,15.49979,9.143353,219.5852,94.55397,101.4413,96.74284,88.14889,-93.04343,221.465,-62.89242,-23.8327,210.6912,-55.91977,46.5017,56.46609,-54.55861,26.68549,57.05109,-77.80608,12.32161,41.4519,-81.87254,-13.43035,11.9156,-78.81315,0.5240529,-0.753125,-0.3977076,-19.81621,0.5849915,-23.24747,219.2848,91.25497,100.1036,92.59155,80.83234
72.396,233.5022,32.7594,27.63853,213.5619,-25.40892,4.101723,49.4715,-81.35691,36.29671,63.08984,-71.96764,58.57847,51.98782,-58.59791,78.40879,21.84265,-35.45987,0.04786289,-0.7516119,-0.6578668,32.19499,13.61835,9.389271,216.8368,95.30582,102.3578,97.81557,88.78312,-93.93627,221.2402,-62.13215,-22.47621,211.7838,-54.0339,44.84895,59.88004,-55.05347,23.13396,60.40756,-76.75369,9.855209,44.02982,-81.44885,-16.10395,14.19777,-78.92747,0.5215415,-0.7473182,-0.411716,-21.71499,0.5275269,-21.70023,219.7208,92.88666,100.3762,93.11104,81.79523
72.97224,233.3557,33.38651,26.8077,212.3393,-24.57497,3.402428,53.27704,-79.57377,37.56811,64.18356,-70.87843,60.3837,52.83447,-56.96106,78.7977,24.18607,-34.06192,0.058018,-0.763281,-0.6434563,34.16568,10.90652,8.695343,215.4311,95.82278,102.7358,98.39835,89.18665,-95.4232,221.3345,-61.07031,-19.13645,213.6276,-48.84919,43.85804,62.07411,-54.66639,20.66685,63.41545,-75.33635,7.053993,47.17943,-80.49759,-18.65164,16.48885,-78.66531,0.5087118,-0.7501303,-0.4225125,-23.19118,1.341339,-20.66996,219.9755,93.62231,100.6191,93.57093,82.51059
74.57709,233.543,34.08674,26.06754,211.3665,-23.03713,3.054718,54.54387,-79.28484,38.97734,63.50166,-71.11713,62.16731,52.80653,-55.96247,79.37135,24.8073,-33.17784,0.05524035,-0.786466,-0.6151583,35.92262,8.957794,8.167713,214.2102,96.28318,103.0016,98.91968,89.53202,-96.39967,221.1035,-59.86294,-17.63653,212.9997,-45.02551,43.11386,64.1196,-53.70914,18.91269,65.86111,-73.98071,4.620728,49.68839,-79.82517,-21.66818,19.53577,-78.00521,0.4880819,-0.7618434,-0.4258764,-24.20117,1.741516,-20.27156,218.4198,94.09995,100.8391,94.14003,83.28246
75.17303,233.717,34.16201,25.74345,211.4115,-22.6137,3.080338,54.69044,-79.33378,39.50679,63.23888,-71.1581,62.72716,52.78371,-55.60196,79.57347,24.67863,-33.01206,0.05071545,-0.793706,-0.6061838,36.42645,8.548431,8.175678,214.1703,96.40737,103.07,99.05753,89.61456,-96.6713,220.8974,-59.44308,-17.46633,212.1181,-43.84776,43.24855,64.40804,-53.41604,18.84022,66.23827,-73.71297,4.373566,50.06914,-79.78235,-22.16432,20.29802,-77.86227,0.4777273,-0.7695681,-0.4237235,-24.40834,1.830231,-20.29693,217.3058,94.19186,100.8765,94.29353,83.46137
76.32977,233.9002,34.33012,25.05384,211.6392,-21.60827,3.091087,54.93457,-79.42625,40.17133,61.93253,-72.06261,63.3634,52.15106,-55.78236,79.99301,24.46207,-32.6545,0.03920546,-0.8077232,-0.5882568,37.08025,6.997955,7.363644,214.2096,96.62241,103.162,99.22865,89.7975,-97.04694,220.6058,-59.0424,-17.16628,210.9058,-41.90472,43.71108,64.62993,-52.9986,18.74913,66.87239,-73.26065,4.150383,50.57811,-79.75897,-22.57215,21.3696,-77.69867,0.4613257,-0.7828566,-0.4175094,-24.96195,2.242462,-20.26205,215.7126,94.32146,100.9483,94.53499,83.68539
76.91464,233.9144,34.43012,24.78055,211.6848,-21.06858,3.00956,54.90321,-79.57185,40.37058,61.60033,-72.3109,63.55472,51.79912,-56.00338,80.114,24.45659,-32.54226,0.0340859,-0.8142263,-0.5795462,37.36102,6.697113,7.260956,214.1692,96.72176,103.2146,99.29114,89.8631,-97.16389,220.3824,-58.85047,-17.22843,210.0784,-41.17994,44.09062,64.51349,-52.89262,19.17188,66.73447,-73.31561,3.979721,50.88458,-79.73342,-22.51918,21.66893,-77.71578,0.4546047,-0.7896165,-0.4121169,-24.91874,2.220978,-20.42299,214.7686,94.3589,100.9764,94.67047,83.76395
78.16349,233.9687,34.61202,24.52064,211.7481,-19.94933,2.642616,54.49329,-80.07771,40.47074,60.94168,-72.95021,63.64002,51.27072,-56.5738,80.17684,24.61398,-32.50155,0.02604006,-0.8270355,-0.5615461,37.82813,6.448395,7.127506,214.0946,96.89655,103.3126,99.39484,89.94734,-97.06112,220.0738,-58.69503,-17.08564,208.9428,-40.0252,44.85376,63.89778,-53.0943,19.63239,66.4377,-73.51746,3.838684,50.81938,-80.04205,-22.44247,21.76434,-77.88315,0.4453012,-0.802212,-0.3976968,-25.22136,2.539917,-20.42315,213.4269,94.41287,101.0159,94.88981,83.92339
79.62065,233.5147,35.52481,24.51528,210.4685,-17.34075,1.905357,51.84154,-82.00322,40.01624,58.41167,-75.34899,63.28438,49.59575,-58.56039,80.02299,23.80772,-33.60573,0.01552499,-0.8510572,-0.5248435,38.11089,6.570129,6.654232,212.5998,97.03455,103.3958,99.46844,89.99907,-96.69042,219.4501,-58.34897,-17.20592,206.9368,-37.94355,46.71289,61.96414,-53.83832,22.07019,64.06921,-74.95541,5.667542,48.61514,-81.45288,-21.01095,20.32581,-78.75584,0.430393,-0.8261322,-0.3636861,-24.6427,2.105072,-21.1171,211.0891,94.44688,101.0459,95.02697,84.00644
80.76595,232.6564,36.70346,24.37648,208.3131,-14.09573,1.431709,47.29568,-84.80793,39.70011,54.03918,-78.78131,62.94096,46.22339,-61.63864,79.70325,22.13414,-35.32631,0.002399985,-0.8811311,-0.4728659,38.2684,6.7435,6.026619,210.2076,97.11497,103.4545,99.48612,89.94707,-95.91267,218.3795,-57.77896,-17.63225,203.2355,-34.51701,50.95617,56.97543,-55.51912,27.30371,58.53308,-77.72458,10.06482,43.60651,-83.92163,-17.7662,16.93413,-80.37369,0.4006019,-0.8657106,-0.3001054,-23.65246,1.557648,-22.20546,206.8985,94.47277,101.058,95.10872,84.03768
81.92214,231.2424,38.48788,23.95671,204.8958,-8.696774,0.6315308,38.60414,-89.16999,39.11081,45.05092,-84.55058,62.34103,38.64769,-67.1678,79.11074,17.49913,-38.8029,-0.02399255,-0.9250012,-0.3792059,38.47928,6.446777,4.619404,206.4748,97.16978,103.4797,99.45633,89.83537,-95.06564,217.1363,-56.6286,-19.64314,198.1255,-30.77042,57.14296,48.71065,-57.35397,34.85787,49.4637,-80.94122,16.87043,34.94255,-86.89445,-12.59248,10.8922,-82.35403,0.3587269,-0.9118759,-0.1994928,-22.28509,0.7530518,-23.58725,201.4606,94.48557,101.0604,95.16428,84.02022
83.00889,228.4161,41.44898,22.70898,199.2692,0.2437372,-1.24263,24.64613,-93.99299,37.27431,30.0338,-91.73109,60.48214,25.43901,-74.55759,77.41041,8.844421,-44.05844,-0.07215697,-0.9699523,-0.2323488,38.51694,5.387665,2.261902,200.5591,97.17848,103.4698,99.31801,89.50833,-93.79133,214.1732,-53.01172,-24.08465,191.9576,-21.12697,66.09684,34.71837,-57.92332,46.66577,32.4576,-83.49748,27.5835,18.50061,-89.23926,-3.445778,-1.255066,-83.75343,0.3004305,-0.9537023,-0.01390474,-19.43107,-2.260773,-25.57416,194.6128,94.4948,101.01,95.21957,83.83368
82.58485,225.9795,46.6654,22.52616,198.7869,3.788337,-2.878189,16.74545,-94.40393,31.32035,13.42145,-94.43323,54.36956,13.19112,-78.2301,69.71087,2.792007,-47.4331,-0.03416644,-0.9613696,-0.2731319,34.19854,-3.324005,-0.02928925,200.095,95.92078,100.3929,96.17694,84.36409,-92.85105,211.8202,-49.87474,-26.53084,188.9839,-13.92584,70.62617,26.67836,-56.82261,52.94811,22.03285,-83.05386,33.14476,8.797913,-88.85013,1.618347,-8.455002,-83.2002,0.2630106,-0.9604589,0.09134677,-17.67806,-4.645508,-26.23125,191.3445,94.49127,100.9301,95.23824,83.64436
82.05759,221.563,52.59473,20.7963,195.8215,11.38539,-4.466583,-0.7085266,-95.3143,25.99634,-4.975006,-97.44664,47.71104,-8.470901,-82.00921,63.47255,-10.22752,-52.05872,-0.07759485,-0.9737881,-0.2138125,30.46292,-4.266479,-2.132336,197.2515,95.42153,100.9773,95.2555,82.72531,-92.0396,206.2833,-40.07689,-32.85926,183.7966,2.06149,77.78734,12.45247,-52.02918,63.81836,1.761292,-77.79996,42.68896,-9.403305,-84.59315,10.94299,-21.70737,-79.47929,0.1997049,-0.936026,0.2897812,-13.96897,-10.69118,-25.77078,186.7221,94.40852,100.6415,95.2196,83.11388
81.40878,215.2047,60.62053,19.34421,188.8731,23.15749,-7.616203,-13.65553,-93.99721,19.5653,-21.68031,-96.32376,40.65884,-25.00301,-81.40024,58.88841,-20.35928,-54.19681,-0.1314752,-0.9854442,-0.1077682,27.1815,-8.02478,-2.326557,191.2682,95.2888,100.6534,94.36255,82.58111,-91.75551,200.525,-26.73128,-39.42771,181.2836,21.67105,83.36131,0.2184448,-43.86297,72.68516,-15.86775,-67.35469,51.2011,-25.60272,-75.99194,19.68211,-34.09691,-72.54459,0.1394188,-0.8694569,0.4739273,-10.67615,-16.0862,-23.49172,186.7831,94.19721,100.3572,95.14109,82.53909
80.25752,207.3224,70.13546,19.76287,179.8127,34.5706,-9.685074,-23.02773,-91.77133,14.64567,-34.30928,-92.66684,34.91698,-37.47549,-77.68561,55.89958,-27.63292,-53.64276,-0.1571525,-0.9872378,-0.02578113,24.33074,-11.28156,-0.8955059,184.1692,95.11075,99.89377,93.05193,82.25501,-89.74768,190.5244,-8.228167,-42.72145,171.4153,43.07732,86.48209,-5.551987,-36.28582,78.1646,-24.56895,-57.3466,56.80783,-33.11403,-68.28947,25.45258,-38.65298,-67.8406,0.08559512,-0.833066,0.5465111,-8.317489,-19.01697,-21.06077,181.835,93.95018,100.0098,94.80042,82.12328
78.85408,197.365,82.9574,21.23312,168.4124,47.52223,-10.42535,-28.73798,-89.74745,11.4297,-42.68269,-88.10413,32.15543,-43.65398,-74.15746,53.9348,-30.84892,-52.83711,-0.1397731,-0.9901248,0.01079149,21.85506,-13.94472,1.643314,176.2724,94.8112,98.56363,91.86387,81.56212,-87.71722,180.0964,13.33287,-43.79552,164.7237,67.66129,88.40575,-9.743927,-29.05382,81.90822,-31.37602,-46.94633,61.38966,-40.68063,-58.2066,30.34206,-42.51807,-62.87583,0.05303288,-0.7908627,0.6096915,-6.497529,-21.6321,-17.89251,183.3848,93.56626,99.48552,93.87019,81.74226
78.7644,186.5259,96.83717,23.88387,155.3228,61.33335,-10.92311,-32.30894,-87.97276,10.08825,-46.79431,-84.88198,30.02134,-46.75629,-71.11548,51.84334,-32.19806,-52.25727,-0.09574918,-0.9952605,0.01698903,21.01136,-14.48537,3.090778,168.6932,94.35247,97.44963,90.24878,80.34469,-86.12548,165.6685,37.55048,-42.7805,152.6968,91.74133,89.49845,-10.50409,-23.14394,84.03303,-34.75562,-36.7103,65.01664,-43.97666,-47.94221,35.28952,-40.95737,-59.95203,0.05364591,-0.7900786,0.6106537,-5.465426,-24.25153,-13.56636,183.2019,93.03736,98.06706,91.9759,80.72858
78.96118,180.4339,103.9234,25.43037,148.2388,68.11938,-10.92728,-33.57126,-87.19341,9.801201,-48.36821,-83.17934,29.42178,-47.65219,-69.84129,51.02756,-32.48206,-51.86012,-0.07279089,-0.9972718,0.01226199,20.72848,-14.79695,4.014076,165.1111,94.06979,96.71789,89.52194,79.67664,-85.92447,161.9847,49.1717,-44.73593,147.9356,104.2057,89.41901,-16.92624,-16.82224,83.61115,-40.14668,-30.06834,64.82986,-48.43965,-42.2093,37.13674,-42.78538,-56.0694,-0.003135302,-0.7942869,0.6075347,-5.807858,-23.22044,-13.2461,186.4003,92.54861,97.50224,91.27396,79.70887
80.46855,168.1991,119.3541,29.27337,133.8729,82.89014,-10.74751,-34.97261,-85.85878,9.454773,-49.69444,-80.59077,29.05309,-46.94691,-68.73952,50.2511,-30.88646,-51.90853,-0.009749957,-0.9998102,-0.01686767,20.20229,-14.72182,5.267998,160.1551,93.32911,95.15147,88.16584,78.57253,-87.66215,146.8476,74.39997,-45.5726,133.9256,128.404,87.16758,-23.08364,-6.522537,83.58836,-41.07936,-22.45705,67.12112,-45.17258,-40.77923,40.9627,-39.10529,-54.30247,0.01137361,-0.8300691,0.5575446,-3.579215,-17.99572,-15.93451,191.0511,90.40788,95.8063,90.60217,78.45969
82.89391,154.1884,134.4813,33.7644,117.522,98.39899,-11.60268,-37.64402,-83.37826,8.275177,-50.51161,-78.82164,28.65646,-45.62373,-68.75155,49.30969,-29.95346,-52.06615,0.05107646,-0.997841,-0.04128556,19.87785,-12.86759,4.556614,156.9516,92.21512,93.98273,87.34697,77.71447,-88.4119,140.9067,102.6932,-49.69777,133.4393,159.249,82.14047,-32.85769,9.060722,82.03124,-47.66824,-9.999016,67.82433,-51.30836,-31.44128,43.32032,-45.84814,-45.88078,-0.07842062,-0.7816928,0.6187137,-0.1092348,-14.81055,-19.05974,213.6262,88.93133,95.40108,90.67106,77.99839
87.52419,141.6356,147.0618,40.29014,102.8004,111.9556,-12.54818,-42.95181,-79.2578,7.068642,-53.31532,-76.35513,27.29504,-48.58028,-66.25197,47.5722,-34.11898,-49.49398,0.05485258,-0.9981726,-0.02534972,19.61682,-10.3635,2.902672,157.2427,91.01711,93.39484,86.57012,76.66077,-83.87585,132.6511,134.7108,-46.51953,124.7846,191.8775,77.32265,-39.41264,14.98157,79.0592,-52.45343,-5.429001,66.21698,-54.72077,-29.32636,42.13023,-49.22408,-42.85983,-0.135036,-0.7711374,0.6221836,1.73655,-13.04079,-20.41057,233.5642,88.07154,95.03259,90.76942,77.68481
95.18486,129.1092,157.5366,48.56645,88.5176,124.0863,-12.70906,-51.23559,-73.03712,6.810143,-59.93898,-70.98289,26.19099,-56.34554,-59.10681,47.05237,-40.7925,-44.20116,0.01366247,-0.9985151,0.05273505,19.5192,-8.703392,2.05423,159.9734,90.11674,93.15379,85.75782,76.36554,,,,,,,,,,,,,,,,,,,,,,,,,,,,,
95.18486,129.1092,157.5366,48.56645,88.5176,124.0863,-12.70906,-51.23559,-73.03712,6.810143,-59.93898,-70.98289,26.19099,-56.34554,-59.10681,47.05237,-40.7925,-44.20116,0.01366247,-0.9985151,0.05273505,19.5192,-8.703392,2.05423,159.9734,90.11674,93.15379,85.75782,76.36554,,,,,,,,,,,,,,,,,,,,,,,,,,,,,
